,Freight Movement Order #,Date of Issue of FMO,Expected Date of Movement From,Expected Date of Movement To,Remarks,Commodity,Supplier Name,Contact person,Contact number,Adroit purchase contract,Supplier Contract Ref #,PO Total  Qty (MT),PO Available Qty (MT),Price (CAD),Shipment Period From,Shipment Period To,Shipment Terms,Shipping term location,Shipping expected rate,Purchase Deductions / MT,Purchase FX Rate,Purchase Broker name,Broker Rate / MT,Supplier bill no.,Carrier Information,Contact person,Contact number,Trucking charges to be paid by,Actual Rate / MT,Quantity planned in FMO (MT),Load Qty (MT) ,Actual unload qty (MT),Truck plate,Actual delivery address,Load reference #,Unload reference #,CGC Receipt no.,Load remarks / instructions,Unload remarks / instructions,Buyer Name,Contact person,Contact number,Sales Contract # (ADROIT),Buyer Contract / PO #,SC Total Qty (MT),SC Pending Qty (MT),Price (CAD),Sales Broker name,Sales Broker Rate,Shipment Period From,Shipment Period To,Shipment Terms,Sales Deductions / MT,Unload/Authority Ref #,Delivery Completed,Delivery Date,Paper work received,Docs allocated to,Scale Ticket No.,Transport Invoice No.,Adroit Invoice number,Invoice date,Purchase Amount,Trucking Charges,Brokerage Charges,Deduction Charges,Sales Amount,Profitability,Supplier Payment Ref No.,Supplier Payment Date,Trucker Payment Ref No.,Trucker Payment Date,Brokerage Payment Ref No.,Brokerage Payment Date,Income Received Ref No.,Income Received Date
1,P18190559-TEST-3-04,6-MAR-2020,22-FEB-2020,29-FEB-2020,-,"Feed Wheat, Canada Origin",Name: Test supplier; Address: Calle test 1875; Number: ( 668 ) 236 1526,Juan Ramirez,-,P18190559-TEST-3,-,100,98,224.14,31-MAR-2019,29-APR-2019,DLVD,"FOB Minto, MB.",-,1,1,-,-,-,Name: -; Address: -; Number: -,N/A,-,Seller,1,1,2,-,-,1,-,1234,-,-,-,Importadora Hernandez Martinez,Alejandro Hernadez,-,S18190583-TEST,-,42,9,232,-,-,31-MAR-2018,29-APR-2018,DLVD,1,-,false,-,-,"{""id"":""-"",""name"":""-""}",-,-,-,-,448.28,2,-,-,464,13.720000000000027,,6-MAR-2020,,-,,-,,-
2,P18190559-TEST-4-05,6-MAR-2020,22-FEB-2020,29-FEB-2020,-,"Feed Wheat, Canada Origin",Name: Test supplier; Address: Calle test 1875; Number: ( 668 ) 236 1526,Juan Ramirez,-,P18190559-TEST-4,-,100,93,224.14,31-MAR-2019,29-APR-2019,DLVD,"FOB Minto, MB.",-,1,1,-,-,-,Name: -; Address: -; Number: -,N/A,-,Seller,1,1,2,-,-,1,-,1234,-,-,-,Importadora Hernandez Martinez,Alejandro Hernadez,-,S18190583-TEST,-,42,9,232,-,-,31-MAR-2018,29-APR-2018,DLVD,1,-,false,-,-,"{""id"":""-"",""name"":""-""}",-,-,-,-,-,-,-,-,-,-,,6-MAR-2020,,-,,-,,-
3,P18190559-TEST-3-03,4-MAR-2020,22-FEB-2020,29-FEB-2020,-,"Feed Wheat, Canada Origin",Name: Test supplier; Address: Calle test 1875; Number: ( 668 ) 236 1526,Juan Ramirez,-,P18190559-TEST-3,-,100,98,224.14,31-MAR-2019,29-APR-2019,DLVD,"FOB Minto, MB.",-,1,1,-,-,-,Name: -; Address: -; Number: -,N/A,-,Seller,1,1,2,-,-,1,-,-,-,-,-,Importadora Hernandez Martinez,Alejandro Hernadez,-,S18190583-TEST,-,42,2,232,-,-,31-MAR-2018,29-APR-2018,DLVD,1,-,false,-,-,"{""id"":""-"",""name"":""-""}",-,-,-,-,-,-,-,-,-,-,,4-MAR-2020,,-,,-,,-
4,P18190559-TEST-017,28-FEB-2020,22-FEB-2020,29-FEB-2020,-,"Feed Wheat, Canada Origin",Name: Test supplier; Address: Calle test 1875; Number: ( 668 ) 236 1526,Juan Ramirez,-,P18190559-TEST,-,42,36,224.14,31-MAR-2019,29-APR-2019,DLVD,"FOB Minto, MB.",-,1,1,-,-,-,Name: -; Address: -; Number: -,N/A,-,Seller,1,1,2,-,-,1,-,-,-,-,-,Importadora Hernandez Martinez,Alejandro Hernadez,-,S18190583-TEST,-,42,2,232,-,-,31-MAR-2018,29-APR-2018,DLVD,1,-,false,-,-,"{""id"":""-"",""name"":""-""}",-,-,-,-,-,-,-,-,-,-,,28-FEB-2020,,-,,-,,-
5,P18190559-TEST-016,28-FEB-2020,22-FEB-2020,29-FEB-2020,-,"Feed Wheat, Canada Origin",Name: Test supplier; Address: Calle test 1875; Number: ( 668 ) 236 1526,Juan Ramirez,-,P18190559-TEST,-,42,37,224.14,31-MAR-2019,29-APR-2019,DLVD,"FOB Minto, MB.",-,1,1,-,-,-,Name: -; Address: -; Number: -,N/A,-,Seller,1,1,-,-,-,1,-,-,-,-,-,Importadora Hernandez Martinez,Alejandro Hernadez,-,S18190583-TEST,-,42,3,232,-,-,31-MAR-2018,29-APR-2018,DLVD,1,-,false,-,-,"{""id"":""-"",""name"":""-""}",-,-,-,-,-,-,-,-,-,-,,28-FEB-2020,,-,,-,,-
6,P18190559-TEST--FOB-04,12-FEB-2020,11-FEB-2020,25-DEC-2020,-,"Feed Wheat, Canada Origin",Name: Test supplier; Address: Calle test 1875; Number: ( 668 ) 236 1526,Juan Ramirez,-,P18190559-TEST--FOB,-,100,67,224.14,31-MAR-2019,29-APR-2019,FOB,"FOB Minto, MB.",-,1,1,-,10,-,"Name: Test Transport; Address: 125, Test Drive, Aneroid; Number: 1 ( 236 ) 867 4935",-,-,Adroit,5,10,11,12,-,Testing,101010,11212,10,-,-,Importadora Hernandez Martinez,Alejandro Hernadez,-,S18190583-TEST,-,42,11,232,-,-,31-MAR-2018,29-APR-2018,DLVD,10,-,false,18-DEC-2020,123,"{""id"":""-"",""name"":""-""}",-,-,-,26-FEB-2020,2689.68,60,120,-108,2784,-193.67999999999984,,12-FEB-2020,,-,,-,101010,-
7,P18190559-TEST--FOB-03,12-FEB-2020,11-FEB-2020,14-FEB-2020,-,"Feed Wheat, Canada Origin",Name: Test supplier; Address: Calle test 1875; Number: ( 668 ) 236 1526,Juan Ramirez,-,P18190559-TEST--FOB,-,100,79,224.14,31-MAR-2019,29-APR-2019,FOB,"FOB Minto, MB.",-,1,1,-,-,-,"Name: Test Transport; Address: 125, Test Drive, Aneroid; Number: 1 ( 236 ) 867 4935",-,-,Adroit,10,10,-,-,-,Testing,123,asdasd,-,-,-,Importadora Hernandez Martinez,Alejandro Hernadez,-,S18190583-TEST,-,42,23,232,-,-,31-MAR-2018,29-APR-2018,DLVD,1,-,false,-,-,"{""id"":""-"",""name"":""-""}",-,-,-,-,2241.3999999999996,100,-,-,2320,-21.399999999999636,,12-FEB-2020,,-,,-,,-
8,P18190559-TEST--FOB-02,12-FEB-2020,11-FEB-2020,14-FEB-2020,-,"Feed Wheat, Canada Origin",Name: Test supplier; Address: Calle test 1875; Number: ( 668 ) 236 1526,Juan Ramirez,-,P18190559-TEST--FOB,-,100,98,224.14,31-MAR-2019,29-APR-2019,FOB,"FOB Minto, MB.",-,1,1,-,-,-,"Name: Test Transport; Address: 125, Test Drive, Aneroid; Number: 1 ( 236 ) 867 4935",-,-,Adroit,10,10,1,1,-,Testing,10,-,-,-,-,Importadora Hernandez Martinez,Alejandro Hernadez,1,S18190583-TEST,-,42,33,232,-,-,31-MAR-2018,29-APR-2018,DLVD,1,-,false,-,-,"{""id"":""-"",""name"":""-""}",-,-,-,-,224.14,10,-,-,232,-2.1399999999999864,,12-FEB-2020,,-,,-,,-
9,P18190559-TEST--FOB-01,12-FEB-2020,10-FEB-2020,10-FEB-2020,-,"Feed Wheat, Canada Origin",Name: Test supplier; Address: Calle test 1875; Number: ( 668 ) 236 1526,Juan Ramirez,-,P18190559-TEST--FOB,-,100,99,224.14,31-MAR-2019,29-APR-2019,FOB,"FOB Minto, MB.",-,1,1,-,-,-,"Name: Test Transport; Address: 125, Test Drive, Aneroid; Number: 1 ( 236 ) 867 4935",-,-,Adroit,3,1,-,-,-,Q,d2test,d2test,-,-,-,Importadora Hernandez Martinez,Alejandro Hernadez,-,S18190583-TEST,-,42,34,232,-,-,31-MAR-2018,29-APR-2018,DLVD,1,-,false,-,-,"{""id"":""-"",""name"":""-""}",-,-,-,-,224.14,3,-,-,232,4.860000000000014,,12-FEB-2020,,-,,-,,-
10,P18190559-TEST-2-02,12-FEB-2020,10-FEB-2020,10-FEB-2020,-,"Feed Wheat, Canada Origin",Name: Test supplier; Address: Calle test 1875; Number: ( 668 ) 236 1526,Juan Ramirez,-,P18190559-TEST-2,-,100,100,224.14,31-MAR-2019,29-APR-2019,DLVD,"FOB Minto, MB.",-,1,1,-,-,-,Name: -; Address: -; Number: -,N/A,-,Seller,3,1,-,-,-,Q,DTEST,DTEST,-,-,-,Importadora Hernandez Martinez,Alejandro Hernadez,-,S18190583-TEST,-,42,-6343.220900000002,232,-,-,31-MAR-2018,29-APR-2018,DLVD,1,-,false,-,-,"{""id"":""-"",""name"":""-""}",-,-,-,-,-,-,-,-,-,-,,12-FEB-2020,,-,,-,,-
11,P18190559-TEST-3-02,12-FEB-2020,10-FEB-2020,10-FEB-2020,-,"Feed Wheat, Canada Origin",Name: Test supplier; Address: Calle test 1875; Number: ( 668 ) 236 1526,Juan Ramirez,-,P18190559-TEST-3,-,100,99,224.14,31-MAR-2019,29-APR-2019,DLVD,"FOB Minto, MB.",-,1,1,-,-,-,Name: -; Address: -; Number: -,N/A,-,Seller,3,1,-,-,-,Q,-,-,-,-,-,Importadora Hernandez Martinez,Alejandro Hernadez,-,S18190583-TEST,-,42,-6343.220900000002,232,-,-,31-MAR-2018,29-APR-2018,DLVD,1,-,false,-,-,"{""id"":""-"",""name"":""-""}",-,-,-,-,-,-,-,-,-,-,,12-FEB-2020,,-,,-,,-
12,P18190559-TEST-015,10-FEB-2020,10-FEB-2020,10-FEB-2020,-,"Feed Wheat, Canada Origin",Name: Test supplier; Address: Calle test 1875; Number: ( 668 ) 236 1526,Juan Ramirez,-,P18190559-TEST,-,42,39,224.14,31-MAR-2019,29-APR-2019,DLVD,"FOB Minto, MB.",-,1,1,-,-,-,Name: -; Address: -; Number: -,N/A,-,Seller,3,1,-,-,-,Q,-,-,-,-,-,Importadora Hernandez Martinez,Alejandro Hernadez,-,S18190583-TEST,-,42,-6343.220900000002,232,-,-,31-MAR-2018,29-APR-2018,DLVD,3,-,false,-,-,"{""id"":""-"",""name"":""-""}",-,-,-,-,-,-,-,-,-,-,,10-FEB-2020,123123,-,,-,,-
13,P18190559-TEST-4-04,10-FEB-2020,10-FEB-2020,11-FEB-2020,-,"Feed Wheat, Canada Origin",Name: Test supplier; Address: Calle test 1875; Number: ( 668 ) 236 1526,Juan Ramirez,-,P18190559-TEST-4,-,100,95,224.14,31-MAR-2019,29-APR-2019,DLVD,"FOB Minto, MB.",-,1,1,-,-,-,Name: -; Address: -; Number: -,N/A,-,Seller,1,2,-,-,-,test,-,-,-,-,-,Importadora Hernandez Martinez,Alejandro Hernadez,-,S18190583-TEST-2,-,42,40,232,-,-,31-MAR-2018,29-APR-2018,DLVD,1,-,false,-,-,"{""id"":""-"",""name"":""-""}",-,-,-,-,-,-,-,-,-,-,,10-FEB-2020,,-,,-,,-
14,P18190559-TEST-4-03,10-FEB-2020,11-FEB-2020,11-FEB-2020,-,"Feed Wheat, Canada Origin",Name: Test supplier; Address: Calle test 1875; Number: ( 668 ) 236 1526,Juan Ramirez,-,P18190559-TEST-4,-,100,97,224.14,31-MAR-2019,29-APR-2019,DLVD,"FOB Minto, MB.",-,1,1,-,-,-,Name: -; Address: -; Number: -,N/A,-,Seller,1,1,-,-,-,test,-,teasat,-,-,-,Importadora Hernandez Martinez,Alejandro Hernadez,-,S18190583-TEST,-,42,35,232,-,-,31-MAR-2018,29-APR-2018,DLVD,1,-,false,-,-,"{""id"":""-"",""name"":""-""}",-,-,-,-,224.14,1,-,-,232,6.860000000000014,,10-FEB-2020,,-,,-,,-
15,P18190559-TEST-4-02,10-FEB-2020,13-FEB-2020,15-FEB-2020,-,"Feed Wheat, Canada Origin",Name: Test supplier; Address: Calle test 1875; Number: ( 668 ) 236 1526,Juan Ramirez,-,P18190559-TEST-4,-,100,98,224.14,31-MAR-2019,29-APR-2019,DLVD,"FOB Minto, MB.",-,1,1,-,-,-,Name: -; Address: -; Number: -,N/A,-,Seller,1,1,-,-,-,Testing,-,-,-,-,-,Importadora Hernandez Martinez,Alejandro Hernadez,-,S18190583-TEST,-,42,36,232,-,-,31-MAR-2018,29-APR-2018,DLVD,1,-,false,-,-,"{""id"":""-"",""name"":""-""}",-,-,-,-,-,-,-,-,-,-,,10-FEB-2020,,-,,-,,-
16,P18190559-TEST-014,10-FEB-2020,2-FEB-2020,10-FEB-2020,-,"Feed Wheat, Canada Origin",Name: Test supplier; Address: Calle test 1875; Number: ( 668 ) 236 1526,Juan Ramirez,-,P18190559-TEST,-,42,38,224.14,31-MAR-2019,29-APR-2019,DLVD,"FOB Minto, MB.",-,1,1,-,-,-,Name: -; Address: -; Number: -,N/A,-,Seller,1,1,-,-,-,1,-,-,-,-,-,Importadora Hernandez Martinez,Alejandro Hernadez,-,S18190583-TEST,-,42,37,232,-,-,31-MAR-2018,29-APR-2018,DLVD,1,-,false,-,-,"{""id"":""-"",""name"":""-""}",-,-,-,-,-,-,-,-,-,-,,10-FEB-2020,,-,,-,,-
17,P18190559-TEST-013,10-FEB-2020,12-FEB-2020,18-FEB-2020,-,"Feed Wheat, Canada Origin",Name: Test supplier; Address: Calle test 1875; Number: ( 668 ) 236 1526,Juan Ramirez,-,P18190559-TEST,-,42,39,224.14,31-MAR-2019,29-APR-2019,DLVD,"FOB Minto, MB.",-,1,1,-,-,-,Name: -; Address: -; Number: -,N/A,-,Seller,1,1,-,-,-,1,-,-,-,-,-,Importadora Hernandez Martinez,Alejandro Hernadez,-,S18190583-TEST,-,42,38,232,-,-,31-MAR-2018,29-APR-2018,DLVD,1,-,false,-,-,"{""id"":""-"",""name"":""-""}",-,-,-,-,-,-,-,-,-,-,,10-FEB-2020,,-,,-,,-
18,P18190559-TEST-4-01,10-FEB-2020,4-DEC-0,7-FEB-2020,-,"Feed Wheat, Canada Origin",Name: Test supplier; Address: Calle test 1875; Number: ( 668 ) 236 1526,Juan Ramirez,-,P18190559-TEST-4,-,100,99,224.14,31-MAR-2019,29-APR-2019,DLVD,"FOB Minto, MB.",-,1,1,-,-,-,Name: -; Address: -; Number: -,N/A,-,Seller,1,1,-,-,-,1,-,-,-,-,-,Importadora Hernandez Martinez,Alejandro Hernadez,-,S18190583-TEST,-,42,39,232,-,-,31-MAR-2018,29-APR-2018,DLVD,1,-,false,-,-,"{""id"":""-"",""name"":""-""}",-,-,-,-,-,-,-,-,-,-,,10-FEB-2020,,-,,-,,-
19,P18190559-TEST-3-01,10-FEB-2020,4-DEC-0,7-FEB-2020,-,"Feed Wheat, Canada Origin",Name: Test supplier; Address: Calle test 1875; Number: ( 668 ) 236 1526,Juan Ramirez,-,P18190559-TEST-3,-,100,99,224.14,31-MAR-2019,29-APR-2019,DLVD,"FOB Minto, MB.",-,1,1,-,-,-,Name: -; Address: -; Number: -,N/A,-,Seller,1,1,-,-,-,1,-,-,-,-,-,Importadora Hernandez Martinez,Alejandro Hernadez,-,S18190583-TEST,-,42,-3723.6049000000007,232,-,-,31-MAR-2018,29-APR-2018,DLVD,1,-,false,-,-,"{""id"":""-"",""name"":""-""}",-,-,-,-,-,-,-,-,-,-,,10-FEB-2020,,-,,-,,-
20,P18190559-TEST-2-01,10-FEB-2020,4-DEC-0,7-FEB-2020,-,"Feed Wheat, Canada Origin",Name: Test supplier; Address: Calle test 1875; Number: ( 668 ) 236 1526,Juan Ramirez,-,P18190559-TEST-2,-,100,99,224.14,31-MAR-2019,29-APR-2019,DLVD,"FOB Minto, MB.",-,1,1,-,-,-,Name: -; Address: -; Number: -,N/A,-,Seller,1,1,-,-,-,1,-,-,-,-,-,Importadora Hernandez Martinez,Alejandro Hernadez,-,S18190583-TEST,-,42,41,232,-,-,31-MAR-2018,29-APR-2018,DLVD,1,-,false,-,-,"{""id"":""-"",""name"":""-""}",-,-,-,-,-,-,-,-,-,-,,10-FEB-2020,,-,,-,,-
21,P18190559-TEST-1-01,10-FEB-2020,4-DEC-0,7-FEB-2020,-,"Feed Wheat, Canada Origin",Name: Test supplier; Address: Calle test 1875; Number: ( 668 ) 236 1526,Juan Ramirez,-,P18190559-TEST-1,-,100,99,224.14,31-MAR-2019,29-APR-2019,DLVD,"FOB Minto, MB.",-,1,1,-,-,-,Name: -; Address: -; Number: -,N/A,-,Seller,1,1,-,-,-,1,-,-,-,-,-,Importadora Hernandez Martinez,Alejandro Hernadez,-,S18190583-TEST,-,42,40,232,-,-,31-MAR-2018,29-APR-2018,DLVD,1,-,false,-,-,"{""id"":""-"",""name"":""-""}",-,-,-,-,-,-,-,-,-,-,,10-FEB-2020,,-,,-,,-
22,P18190559-TEST-012,7-FEB-2020,4-DEC-0,7-FEB-2020,-,"Feed Wheat, Canada Origin",Name: Test supplier; Address: Calle test 1875; Number: ( 668 ) 236 1526,Juan Ramirez,-,P18190559-TEST,-,42,40,224.14,31-MAR-2019,29-APR-2019,DLVD,"FOB Minto, MB.",-,1,1,-,-,-,Name: -; Address: -; Number: -,N/A,-,Seller,1,1,-,-,-,1,-,-,-,-,-,Importadora Hernandez Martinez,Alejandro Hernadez,-,S18190583-TEST,-,42,40,232,-,-,31-MAR-2018,29-APR-2018,DLVD,1,-,false,-,-,"{""id"":""-"",""name"":""-""}",-,-,-,-,-,-,-,-,-,-,,7-FEB-2020,,-,,-,,-
23,P18190559-TEST-011,7-FEB-2020,15-FEB-2020,16-FEB-2020,-,"Feed Wheat, Canada Origin",Name: Test supplier; Address: Calle test 1875; Number: ( 668 ) 236 1526,Juan Ramirez,-,P18190559-TEST,-,42,40,224.14,31-MAR-2019,29-APR-2019,DLVD,"FOB Minto, MB.",-,1,1,-,-,-,"Name: Test Transport; Address: 125, Test Drive, Aneroid; Number: 1 ( 236 ) 867 4935",-,-,Adroit,1,1,-,-,-,1,-,-,-,-,-,Importadora Hernandez Martinez,Alejandro Hernadez,-,S18190583-TEST,-,42,40,232,-,-,31-MAR-2018,29-APR-2018,FOB,1,-,false,-,-,"{""id"":""-"",""name"":""-""}",-,-,-,-,-,-,-,-,-,-,,7-FEB-2020,,-,,-,,-
24,P19200192-TEST-016,7-FEB-2020,15-FEB-2020,16-FEB-2020,-,"Canola Meal No 2 or Better, Canada Origin","Name: Bunge Inc.; Address: Rio tamazula, 182; Number: ( 668 ) 236 1526",Alex Ludwig,13142922115,P19200192-TEST,-,120,120,294.98,30-NOV-2019,30-DEC-2019,DLVD,"FOB Altona, MB",-,-,1,-,-,-,"Name: Test Transport; Address: 125, Test Drive, Aneroid; Number: 1 ( 236 ) 867 4935",-,-,Adroit,1,1,-,-,-,1,-,-,-,-,-,Standard Nutrition,Andrew Bisson,12049543218,S19200312-TEST,-,132,120,300,-,-,30-NOV-2019,30-DEC-2019,FOB,-,-,false,-,-,"{""id"":""-"",""name"":""-""}",-,-,-,-,-,-,-,-,-,-,,7-FEB-2020,,-,,-,,-
25,P18190559-TEST-010,6-FEB-2020,6-FEB-2020,14-FEB-2020,-,"Feed Wheat, Canada Origin",Name: Test supplier; Address: Calle test 1875; Number: ( 668 ) 236 1526,Juan Ramirez,-,P18190559-TEST,-,42,39,224.14,31-MAR-2019,29-APR-2019,DLVD,"FOB Minto, MB.",-,1,1,-,-,-,"Name: Test Transport; Address: 125, Test Drive, Aneroid; Number: 1 ( 236 ) 867 4935",-,-,Adroit,1,1,-,-,-,1,-,-,-,-,-,Importadora Hernandez Martinez,Alejandro Hernadez,-,S18190583-TEST,-,42,39,232,-,-,31-MAR-2018,29-APR-2018,FOB,-,-,false,-,-,"{""id"":""-"",""name"":""-""}",-,-,-,-,-,-,-,-,-,-,,6-FEB-2020,,-,,-,,-
26,P18190559-TEST-09,6-FEB-2020,15-FEB-2020,16-FEB-2020,-,"Feed Wheat, Canada Origin",Name: Test supplier; Address: Calle test 1875; Number: ( 668 ) 236 1526,Juan Ramirez,-,P18190559-TEST,-,42,40,224.14,31-MAR-2019,29-APR-2019,DLVD,"FOB Minto, MB.",-,1,1,-,-,-,"Name: Test Transport; Address: 125, Test Drive, Aneroid; Number: 1 ( 236 ) 867 4935",-,-,Adroit,1,1,-,-,-,1,-,-,-,-,-,Importadora Hernandez Martinez,Alejandro Hernadez,-,S18190583-TEST,-,42,40,232,-,-,31-MAR-2018,29-APR-2018,FOB,-,-,false,-,-,"{""id"":""-"",""name"":""-""}",-,-,-,-,-,-,-,-,-,-,,6-FEB-2020,,-,,-,,-
27,P18190559-TEST-08,4-FEB-2020,15-FEB-2020,16-FEB-2020,-,"Feed Wheat, Canada Origin",Name: Test supplier; Address: Calle test 1875; Number: ( 668 ) 236 1526,Juan Ramirez,-,P18190559-TEST,-,42,41,224.14,31-MAR-2019,29-APR-2019,DLVD,"FOB Minto, MB.",-,1,1,-,-,-,"Name: Test Transport; Address: 125, Test Drive, Aneroid; Number: 1 ( 236 ) 867 4935",-,-,Adroit,1,1,-,-,-,1,TEST,-,-,-,-,Importadora Hernandez Martinez,Alejandro Hernadez,-,S18190583-TEST,-,42,41,232,-,-,31-MAR-2018,29-APR-2018,FOB,1,-,false,-,-,"{""id"":""-"",""name"":""-""}",-,-,-,-,-,-,-,-,-,-,,4-FEB-2020,,-,,-,,-
28,P19200192-TEST-014,3-FEB-2020,4-FEB-2020,4-FEB-2020,-,"Canola Meal No 2 or Better, Canada Origin","Name: Bunge Inc.; Address: Rio tamazula, 182; Number: ( 668 ) 236 1526",Alex Ludwig,13142922115,P19200192-TEST,-,120,-79.5,294.98,30-NOV-2019,30-DEC-2019,DLVD,"FOB Altona, MB",-,-,1,-,-,-,"Name: Test Transport; Address: 125, Test Drive, Aneroid; Number: 1 ( 236 ) 867 4935",-,-,Adroit,12,1,-,-,-,"Rio tamazula, 182",-,-,-,-,-,Standard Nutrition,Andrew Bisson,12049543218,S19200312-TEST,-,132,-13,300,-,-,30-NOV-2019,30-DEC-2019,FOB,-,-,false,-,-,"{""id"":""-"",""name"":""-""}",-,-,-,-,-,-,-,-,-,-,,3-FEB-2020,,-,,-,,-
29,P18190559-TEST-07,3-FEB-2020,4-FEB-2020,5-FEB-2020,-,"Feed Wheat, Canada Origin",Name: Test supplier; Address: Calle test 1875; Number: ( 668 ) 236 1526,Juan Ramirez,-,P18190559-TEST,-,42,-2,224.14,31-MAR-2019,29-APR-2019,FOB,"FOB Minto, MB.",-,-,1,-,-,-,Name: -; Address: -; Number: -,N/A,-,Buyer,12,1,-,-,-,"Rio tamazula, 182",-,-,-,-,-,Importadora Hernandez Martinez,Alejandro Hernadez,-,S18190583-TEST,-,42,-2,232,-,-,31-MAR-2018,29-APR-2018,FOB,-,-,false,-,-,"{""id"":""-"",""name"":""-""}",-,-,-,-,-,-,-,-,-,-,,3-FEB-2020,,-,,-,,-
30,P18190559-TEST-06,31-JAN-2020,30-JAN-2020,31-JAN-2020,-,"Feed Wheat, Canada Origin",Name: Test supplier; Address: Calle test 1875; Number: ( 668 ) 236 1526,Juan Ramirez,-,P18190559-TEST,-,42,-1,224.14,31-MAR-2019,29-APR-2019,FOB,"FOB Minto, MB.",-,-,1,-,-,-,Name: -; Address: -; Number: -,N/A,-,Buyer,12,20,-,-,-,test,-,123456789,123,-,-,Importadora Hernandez Martinez,Alejandro Hernadez,-,S18190583-TEST,-,42,-1,232,-,-,31-MAR-2018,29-APR-2018,FOB,-,-,false,-,-,"{""id"":""-"",""name"":""-""}",-,-,-,-,-,-,-,-,-,-,,31-JAN-2020,,-,,-,,-
31,P18190559-TEST-05,31-JAN-2020,31-JAN-2020,4-FEB-2020,-,"Feed Wheat, Canada Origin",Name: Test supplier; Address: Calle test 1875; Number: ( 668 ) 236 1526,Juan Ramirez,-,P18190559-TEST,-,42,19,224.14,31-MAR-2019,29-APR-2019,FOB,"FOB Minto, MB.",-,-,1,-,-,-,Name: -; Address: -; Number: -,N/A,-,Buyer,12,20,-,-,-,"Rio tamazula, 182",-,-,-,-,-,Importadora Hernandez Martinez,Alejandro Hernadez,-,S18190583-TEST,-,42,19,232,-,-,31-MAR-2018,29-APR-2018,FOB,-,-,false,-,-,"{""id"":""-"",""name"":""-""}",-,-,-,-,-,-,-,-,-,-,,31-JAN-2020,,-,,-,,-
32,P18190559-TEST-04,30-JAN-2020,30-JAN-2020,31-JAN-2020,-,"Feed Wheat, Canada Origin",Name: Test supplier; Address: Calle test 1875; Number: ( 668 ) 236 1526,Juan Ramirez,-,P18190559-TEST,-,42,39,224.14,31-MAR-2019,29-APR-2019,FOB,"FOB Minto, MB.",-,-,1,-,-,-,Name: -; Address: -; Number: -,N/A,-,Buyer,1,3,-,-,-,"Av. Revolucion 557, GDL, JAL. MEX",-,-,-,-,-,Importadora Hernandez Martinez,Alejandro Hernadez,-,S18190583-TEST,-,42,39,232,-,-,31-MAR-2018,29-APR-2018,FOB,-,-,false,-,-,"{""id"":""-"",""name"":""-""}",-,-,-,-,-,-,-,-,-,-,,30-JAN-2020,,-,,-,,-
33,P18190559-TEST-03,30-JAN-2020,30-JAN-2020,31-JAN-2020,-,"Feed Wheat, Canada Origin",Name: Test supplier; Address: Calle test 1875; Number: ( 668 ) 236 1526,Juan Ramirez,-,P18190559-TEST,-,42,39,224.14,31-MAR-2019,29-APR-2019,FOB,"FOB Minto, MB.",-,-,1,-,-,-,Name: -; Address: -; Number: -,N/A,-,Buyer,1,1,-,-,-,1,-,-,-,-,-,Importadora Hernandez Martinez,Alejandro Hernadez,-,S18190583-TEST,-,42,39,232,-,-,31-MAR-2018,29-APR-2018,FOB,-,-,false,-,-,"{""id"":""-"",""name"":""-""}",-,-,-,-,-,-,-,-,-,-,,30-JAN-2020,,-,,-,,-
34,P18190559-TEST-02,30-JAN-2020,31-JAN-2020,4-FEB-2020,-,"Feed Wheat, Canada Origin",Name: Test supplier; Address: Calle test 1875; Number: ( 668 ) 236 1526,Juan Ramirez,-,P18190559-TEST,-,42,40,224.14,31-MAR-2019,29-APR-2019,FOB,"FOB Minto, MB.",-,-,1,-,-,-,Name: -; Address: -; Number: -,N/A,-,Buyer,1,1,-,-,-,test address,-,-,-,-,-,Importadora Hernandez Martinez,Alejandro Hernadez,-,S18190583-TEST,-,42,40,232,-,-,31-MAR-2018,29-APR-2018,FOB,-,-,false,-,-,"{""id"":""-"",""name"":""-""}",-,-,-,-,-,-,-,-,-,-,,30-JAN-2020,,-,,-,,-
35,P18190559-TEST-01,30-JAN-2020,31-JAN-2020,10-FEB-2020,-,"Feed Wheat, Canada Origin",Name: Test supplier; Address: Calle test 1875; Number: ( 668 ) 236 1526,Juan Ramirez,-,P18190559-TEST,-,42,41,224.14,31-MAR-2019,29-APR-2019,FOB,"FOB Minto, MB.",-,-,1,-,-,-,Name: -; Address: -; Number: -,N/A,-,Buyer,1,1,-,-,-,Test delivery address,-,-,-,-,-,Importadora Hernandez Martinez,Alejandro Hernadez,-,S18190583-TEST,-,42,41,232,-,-,31-MAR-2018,29-APR-2018,FOB,-,-,false,-,-,"{""id"":""-"",""name"":""-""}",-,-,-,-,-,-,-,-,-,-,,30-JAN-2020,,-,,-,,-
36,P19200192-TEST-0013,23-DEC-2019,27-DEC-2019,30-DEC-2019,-,"Canola Meal No 2 or Better, Canada Origin","Name: Bunge Inc.; Address: Rio tamazula, 182; Number: ( 668 ) 236 1526",Alex Ludwig,13142922115,P19200192-TEST,-,120,-13,294.98,30-NOV-2019,30-DEC-2019,DLVD,"FOB Altona, MB",-,-,1,-,-,-,"Name: Test Transport; Address: 125, Test Drive, Aneroid; Number: 1 ( 236 ) 867 4935",-,-,Adroit,1,97,98,-,-,1,testing1,testing1,-,-,-,Standard Nutrition,1,123123123,S19200312-TEST,-,120,-13,300,-,-,30-NOV-2019,30-DEC-2019,FOB,-,-,false,-,movement,"{""id"":""-"",""name"":""-""}",movement,REF. ASDASD,asdasd,23-JAN-2020,-,-,-,-,-,-,,23-DEC-2019,,-,,-,SOME-REF-11213,23-JAN-2020
37,P19200192-TEST-0012,23-DEC-2019,25-DEC-2019,27-DEC-2019,-,"Canola Meal No 2 or Better, Canada Origin","Name: Bunge Inc.; Address: Rio tamazula, 182; Number: ( 668 ) 236 1526",Alex Ludwig,13142922115,P19200192-TEST,-,120,85,294.98,30-NOV-2019,30-DEC-2019,DLVD,"FOB Altona, MB",-,-,1,-,-,-,"Name: Test Transport; Address: 125, Test Drive, Aneroid; Number: 1 ( 236 ) 867 4935",-,-,Adroit,1,25,-,-,-,1,test,testing2,-,-,-,Standard Nutrition,1,123123123,S19200312-TEST,-,120,85,300,-,-,30-NOV-2019,30-DEC-2019,FOB,-,-,false,-,movement,"{""id"":""-"",""name"":""-""}",movement,-,a,15-JAN-2020,-,-,-,-,-,-,101010,23-DEC-2019,,-,,-,,-
38,P19200192-TEST-0011,20-DEC-2019,20-DEC-2019,21-DEC-2019,-,"Canola Meal No 2 or Better, Canada Origin","Name: Bunge Inc.; Address: Rio tamazula, 182; Number: ( 668 ) 236 1526",Alex Ludwig,13142922115,P19200192-TEST,-,120,110,294.98,30-NOV-2019,30-DEC-2019,DLVD,"FOB Altona, MB",-,-,1,-,-,-,"Name: Test Transport; Address: 125, Test Drive, Aneroid; Number: 1 ( 236 ) 867 4935",-,-,Adroit,1,10,-,-,-,1,-,1,-,1,1,Standard Nutrition,1,123123123,S19200312-TEST,-,120,110,300,-,-,30-NOV-2019,30-DEC-2019,FOB,-,-,false,-,movement,"{""id"":""-"",""name"":""-""}",-,knnknkn,movement,-,-,-,-,-,-,-,,20-DEC-2019,,-,,-,,-
39,P19200192-TEST-0010,18-DEC-2019,30-DEC-2019,27-DEC-2019,-,"Canola Meal No 2 or Better, Canada Origin","Name: Bunge Inc.; Address: Rio tamazula, 182; Number: ( 668 ) 236 1526",Test person,0,P19200192-TEST,-,120,-78.5,294.98,30-NOV-2019,30-DEC-2019,DLVD,"FOB Altona, MB",-,-,1,-,1,1,"Name: Test Transport; Address: 125, Test Drive, Aneroid; Number: 1 ( 236 ) 867 4935",1,1,Adroit,2,1,32,31,---1,1,11,11,1,1,1,Standard Nutrition,2,1,S19200312-TEST,1,120,99839,300,-,-,30-NOV-2019,30-DEC-2019,FOB,1,2,true,31-DEC-1969,101010,"{""id"":""-"",""name"":""-""}",101010,-,101010,16-JAN-2020,-,-,-,-,-,-,123123,31-DEC-1969,123123,31-DEC-1969,123123,27-DEC-2019,qoqqo,26-DEC-2019
40,P19200192-TEST-009,18-DEC-2019,18-DEC-2019,20-DEC-2019,-,"Canola Meal No 2 or Better, Canada Origin","Name: Bunge Inc.; Address: Rio tamazula, 182; Number: ( 668 ) 236 1526",Alex Ludwig,13142922115,P19200192-TEST,-,120,-47.5,294.98,30-NOV-2019,30-DEC-2019,DLVD,"FOB Altona, MB",-,-,1,-,-,-,Name: -; Address: -; Number: -,N/A,-,Adroit,1,1,-,-,-,1,-,-,-,-,-,Standard Nutrition,1,123123123,S19200312-TEST,-,120,99870,300,-,-,30-NOV-2019,30-DEC-2019,FOB,-,-,true,11-DEC-2019,qesda123,"{""id"":""-"",""name"":""-""}",123123,-,123123,19-DEC-2019,-,-,-,-,-,-,asddasd,17-DEC-2019,qweqwe,20-DEC-2019,REF-TEST-001,26-DEC-2019,we,18-DEC-2019
41,P19200192-TEST-008,18-DEC-2019,18-DEC-2019,19-DEC-2019,-,"Canola Meal No 2 or Better, Canada Origin","Name: Bunge Inc.; Address: Rio tamazula, 182; Number: ( 668 ) 236 1526",Alex Ludwig,13142922115,P19200192-TEST,-,120,999871,294.98,30-NOV-2019,30-DEC-2019,FOB,"FOB Altona, MB",-,-,1,-,-,-,Name: -; Address: -; Number: -,N/A,-,Adroit,1,1,-,-,-,1,-,-,-,-,-,Standard Nutrition,1,123123123,S19200312-TEST,-,120,99871,300,-,-,30-NOV-2019,30-DEC-2019,FOB,-,-,false,-,movement,"{""id"":""-"",""name"":""-""}",-,-,-,-,-,-,-,-,-,-,,18-DEC-2019,,-,,-,,-
42,P19200192-TEST-007,18-DEC-2019,14-DEC-2019,27-DEC-2019,-,"Canola Meal No 2 or Better, Canada Origin","Name: Bunge Inc.; Address: Rio tamazula, 182; Number: ( 668 ) 236 1526",Alex Ludwig,13142922115,P19200192-TEST,-,120,999872,294.98,30-NOV-2019,30-DEC-2019,FOB,"FOB Altona, MB",-,-,1,-,-,-,Name: -; Address: -; Number: -,N/A,-,Adroit,1,1,-,-,-,1,10101,-,-,-,-,Standard Nutrition,1,123123123,S19200312-TEST,-,120,99872,300,-,-,30-NOV-2019,30-DEC-2019,FOB,-,-,false,-,-,"{""id"":""-"",""name"":""-""}",-,-,-,-,-,-,-,-,-,-,,18-DEC-2019,,-,,-,,-
43,P19200192-TEST-006,18-DEC-2019,18-DEC-2019,18-DEC-2019,-,"Canola Meal No 2 or Better, Canada Origin","Name: Bunge Inc.; Address: Rio tamazula, 182; Number: ( 668 ) 236 1526",Alex Ludwig,13142922115,P19200192-TEST,-,120,-46.5,294.98,30-NOV-2019,30-DEC-2019,DLVD,"FOB Altona, MB",-,-,1,-,-,-,Name: -; Address: -; Number: -,N/A,-,Adroit,-,123,-,-,-,123,-,-,-,-,-,Standard Nutrition,1,123123123,S19200312-TEST,-,120,99873,300,-,-,30-NOV-2019,30-DEC-2019,FOB,-,-,false,-,-,"{""id"":""-"",""name"":""-""}",-,-,-,-,-,-,-,-,-,-,,18-DEC-2019,,-,,-,,-
44,P19200192-TEST-005,18-DEC-2019,18-DEC-2019,18-DEC-2019,-,"Canola Meal No 2 or Better, Canada Origin","Name: Bunge Inc.; Address: Rio tamazula, 182; Number: ( 668 ) 236 1526",Alex Ludwig,13142922115,P19200192-TEST,-,120,76.5,294.98,30-NOV-2019,30-DEC-2019,DLVD,"FOB Altona, MB",-,-,1,-,-,-,Name: -; Address: -; Number: -,N/A,-,Adroit,-,1,-,-,-,1,-,-,-,-,-,Standard Nutrition,1,-,S19200312-TEST,-,120,99996,300,-,-,30-NOV-2019,30-DEC-2019,FOB,-,-,false,-,-,"{""id"":""-"",""name"":""-""}",-,-,-,-,-,-,-,-,-,-,,18-DEC-2019,,-,,-,,-
45,P19200192-TEST-004,18-DEC-2019,21-DEC-2019,18-DEC-2019,-,"Canola Meal No 2 or Better, Canada Origin","Name: Bunge Inc.; Address: Rio tamazula, 182; Number: ( 668 ) 236 1526",Alex Ludwig,13142922115,P19200192-TEST,-,120,77.5,294.98,30-NOV-2019,30-DEC-2019,DLVD,"FOB Altona, MB",-,-,1,-,-,-,Name: -; Address: -; Number: -,N/A,-,Adroit,-,1,-,-,-,1,-,-,-,-,-,Standard Nutrition,1,-,S19200312-TEST,-,120,99997,300,-,-,30-NOV-2019,30-DEC-2019,FOB,-,-,,-,-,"{""id"":""-"",""name"":""-""}",-,-,-,-,-,-,-,-,-,-,,18-DEC-2019,,-,,-,,-
46,P19200192-TEST-003,18-DEC-2019,20-DEC-2019,26-DEC-2019,-,"Canola Meal No 2 or Better, Canada Origin","Name: Bunge Inc.; Address: Rio tamazula, 182; Number: ( 668 ) 236 1526",Alex Ludwig,13142922115,P19200192-TEST,-,120,78.5,294.98,30-NOV-2019,30-DEC-2019,DLVD,"FOB Altona, MB",-,-,1,-,-,-,Name: -; Address: -; Number: -,N/A,-,Adroit,-,1,-,-,-,1,-,-,-,-,-,Standard Nutrition,1,-,S19200312-TEST,-,120,99998,300,-,-,30-NOV-2019,30-DEC-2019,FOB,-,-,,-,-,"{""id"":""-"",""name"":""-""}",-,-,-,-,-,-,-,-,-,-,,18-DEC-2019,,-,,-,,-
47,P19200192-TEST-002,18-DEC-2019,18-DEC-2019,20-DEC-2019,-,"Canola Meal No 2 or Better, Canada Origin","Name: Bunge Inc.; Address: Rio tamazula, 182; Number: ( 668 ) 236 1526",Alex Ludwig,13142922115,P19200192-TEST,-,120,79.5,294.98,30-NOV-2019,30-DEC-2019,DLVD,"FOB Altona, MB",-,-,1,-,-,-,Name: -; Address: -; Number: -,N/A,-,Adroit,-,1,-,-,-,1,-,-,-,-,-,Standard Nutrition,1,-,S19200312-TEST,-,120,99999,300,-,-,30-NOV-2019,30-DEC-2019,FOB,-,-,false,-,-,"{""id"":""-"",""name"":""-""}",-,-,-,-,-,-,-,-,-,-,,18-DEC-2019,,-,,-,,-
48,P19200192-TEST-001,17-DEC-2019,18-DEC-2019,19-DEC-2019,-,"Canola Meal No 2 or Better, Canada Origin","Name: Bunge Inc.; Address: Rio tamazula, 182; Number: ( 668 ) 236 1526",Alex Ludwig,13142922115,P19200192-TEST,-,120,80.5,294.98,30-NOV-2019,30-DEC-2019,DLVD,"FOB Altona, MB",-,-,1,-,-,-,Name: -; Address: -; Number: -,N/A,-,Adroit,-,40,40.5,39.5,-,Mexico city,1234,321,-,Testing,Testing,Standard Nutrition,1,1,S19200312-TEST,-,120,-5.5,300,-,-,30-NOV-2019,30-DEC-2019,FOB,-,-,true,-,-,"{""id"":""-"",""name"":""-""}",-,-,-,-,-,-,-,-,-,-,,17-DEC-2019,,-,,-,,-
